{
	"configs" : [
		{
			"remarks" : "",
			"id" : "6AB65A7C8847C6A05113F1BFDF3146A6",
			"server" : "server host",
			"server_port" : 8388,
			"server_udp_port" : 0,
			"password" : "0",
			"method" : "aes-256-cfb",
			"protocol" : "origin",
			"protocolparam" : "",
			"obfs" : "plain",
			"obfsparam" : "",
			"remarks_base64" : "",
			"group" : "FreeSSR-public",
			"enable" : true,
			"udp_over_tcp" : false
		},
		{
			"remarks" : "【V4】日本软银 0.8倍率",
			"id" : "A25513056ACDAA65CCDFD1B537A0C6D0",
			"server" : "q4sexfymj0.chinano1.co",
			"server_port" : 32359,
			"server_udp_port" : 0,
			"password" : "NVRBNl",
			"method" : "chacha20-ietf",
			"protocol" : "auth_aes128_md5",
			"protocolparam" : "",
			"obfs" : "tls1.2_ticket_auth",
			"obfsparam" : "",
			"remarks_base64" : "44CQVjTjgJHml6XmnKzova_pk7YgMC445YCN546H",
			"group" : "MIMEMI Cloud",
			"enable" : true,
			"udp_over_tcp" : false
		},
		{
			"remarks" : "【V4 | 游戏】腾讯香港 3倍率",
			"id" : "1D5E7AFF1503EEB2793C1DBB96A7A43E",
			"server" : "hk-tencent.chinano1.co",
			"server_port" : 32359,
			"server_udp_port" : 0,
			"password" : "NVRBNl",
			"method" : "chacha20-ietf",
			"protocol" : "auth_aes128_md5",
			"protocolparam" : "",
			"obfs" : "tls1.2_ticket_auth",
			"obfsparam" : "",
			"remarks_base64" : "44CQVjQgfCDmuLjmiI_jgJHohb7orq_pppnmuK8gM-WAjeeOhw",
			"group" : "MIMEMI Cloud",
			"enable" : true,
			"udp_over_tcp" : false
		},
		{
			"remarks" : "土耳其 特殊用途 視頻不推薦",
			"id" : "4D06C4499E73FEF3DA334FC5DDFCEE1C",
			"server" : "yreiuvn30bc.chinano1.co",
			"server_port" : 32359,
			"server_udp_port" : 0,
			"password" : "NVRBNl",
			"method" : "chacha20-ietf",
			"protocol" : "auth_aes128_md5",
			"protocolparam" : "",
			"obfs" : "tls1.2_ticket_auth",
			"obfsparam" : "",
			"remarks_base64" : "5Zyf6ICz5YW2IOeJueauiueUqOmAlCDoppbpoLvkuI3mjqjolqY",
			"group" : "MIMEMI Cloud",
			"enable" : true,
			"udp_over_tcp" : false
		},
		{
			"remarks" : "【V2】日本 2 GMO 0.5倍率",
			"id" : "A3D196AA2378C9626D56DC06EF5C3A0E",
			"server" : "bvs8t6xkx3.chinano1.co",
			"server_port" : 32359,
			"server_udp_port" : 0,
			"password" : "NVRBNl",
			"method" : "chacha20-ietf",
			"protocol" : "auth_aes128_md5",
			"protocolparam" : "",
			"obfs" : "tls1.2_ticket_auth",
			"obfsparam" : "",
			"remarks_base64" : "44CQVjLjgJHml6XmnKwgMiBHTU8gMC415YCN546H",
			"group" : "MIMEMI Cloud",
			"enable" : true,
			"udp_over_tcp" : false
		},
		{
			"remarks" : "【V2】日本 1 PCCW 0.5倍率",
			"id" : "1645B3B8425BAD302FDA4D2E4D2EB6C2",
			"server" : "jp-kagaya.chinano1.co",
			"server_port" : 32359,
			"server_udp_port" : 0,
			"password" : "NVRBNl",
			"method" : "chacha20-ietf",
			"protocol" : "auth_aes128_md5",
			"protocolparam" : "",
			"obfs" : "tls1.2_ticket_auth",
			"obfsparam" : "",
			"remarks_base64" : "44CQVjLjgJHml6XmnKwgMSBQQ0NXIDAuNeWAjeeOhw",
			"group" : "MIMEMI Cloud",
			"enable" : true,
			"udp_over_tcp" : false
		},
		{
			"remarks" : "【V2】美国 2 HE 0.5倍率",
			"id" : "0CA7581FCA4958C4522B9A508611356B",
			"server" : "usa.synr.asia",
			"server_port" : 32359,
			"server_udp_port" : 0,
			"password" : "NVRBNl",
			"method" : "chacha20-ietf",
			"protocol" : "auth_aes128_md5",
			"protocolparam" : "",
			"obfs" : "tls1.2_ticket_auth",
			"obfsparam" : "",
			"remarks_base64" : "44CQVjLjgJHnvo7lm70gMiBIRSAwLjXlgI3njoc",
			"group" : "MIMEMI Cloud",
			"enable" : true,
			"udp_over_tcp" : false
		},
		{
			"remarks" : "【V2】美国 6 INAP 0.5倍率",
			"id" : "6036514AB7743464DE5F0A8F1AB25F8A",
			"server" : "us-dedi.synr.asia",
			"server_port" : 32359,
			"server_udp_port" : 0,
			"password" : "NVRBNl",
			"method" : "chacha20-ietf",
			"protocol" : "auth_aes128_md5",
			"protocolparam" : "",
			"obfs" : "tls1.2_ticket_auth",
			"obfsparam" : "",
			"remarks_base64" : "44CQVjLjgJHnvo7lm70gNiBJTkFQIDAuNeWAjeeOhw",
			"group" : "MIMEMI Cloud",
			"enable" : true,
			"udp_over_tcp" : false
		},
		{
			"remarks" : "【V2】韩国 4 AWS 0.8倍率 ",
			"id" : "10DB4AB37F6A7BA82BD847065E94926F",
			"server" : "j48sy5a1cw.chinano1.co",
			"server_port" : 32359,
			"server_udp_port" : 0,
			"password" : "NVRBNl",
			"method" : "chacha20-ietf",
			"protocol" : "auth_aes128_md5",
			"protocolparam" : "",
			"obfs" : "tls1.2_ticket_auth",
			"obfsparam" : "",
			"remarks_base64" : "44CQVjLjgJHpn6nlm70gNCBBV1MgMC445YCN546HIA",
			"group" : "MIMEMI Cloud",
			"enable" : true,
			"udp_over_tcp" : false
		},
		{
			"remarks" : "【V3】俄罗斯 1 KHV 0.8倍率",
			"id" : "91A08F57B9D8AF9F21C8B0DB460082E2",
			"server" : "185.248.84.218",
			"server_port" : 32359,
			"server_udp_port" : 0,
			"password" : "NVRBNl",
			"method" : "chacha20-ietf",
			"protocol" : "auth_aes128_md5",
			"protocolparam" : "",
			"obfs" : "tls1.2_ticket_auth",
			"obfsparam" : "",
			"remarks_base64" : "44CQVjPjgJHkv4TnvZfmlq8gMSBLSFYgMC445YCN546H",
			"group" : "MIMEMI Cloud",
			"enable" : true,
			"udp_over_tcp" : false
		},
		{
			"remarks" : "【V4】新加坡 1 Azure",
			"id" : "4332C80BF79130A0E3F499848CA2ADB7",
			"server" : "sg-azure.chinano1.co",
			"server_port" : 32359,
			"server_udp_port" : 0,
			"password" : "NVRBNl",
			"method" : "chacha20-ietf",
			"protocol" : "auth_aes128_md5",
			"protocolparam" : "",
			"obfs" : "tls1.2_ticket_auth",
			"obfsparam" : "",
			"remarks_base64" : "44CQVjTjgJHmlrDliqDlnaEgMSBBenVyZQ",
			"group" : "MIMEMI Cloud",
			"enable" : true,
			"udp_over_tcp" : false
		},
		{
			"remarks" : "【V3】日本 4 IDCF 1.5倍率",
			"id" : "1FA70092DA237EE088D1ACE71B0724AF",
			"server" : "jp-nhn.chinano1.co",
			"server_port" : 32359,
			"server_udp_port" : 0,
			"password" : "NVRBNl",
			"method" : "chacha20-ietf",
			"protocol" : "auth_aes128_md5",
			"protocolparam" : "",
			"obfs" : "tls1.2_ticket_auth",
			"obfsparam" : "",
			"remarks_base64" : "44CQVjPjgJHml6XmnKwgNCBJRENGIDEuNeWAjeeOhw",
			"group" : "MIMEMI Cloud",
			"enable" : true,
			"udp_over_tcp" : false
		},
		{
			"remarks" : "【V2】菲律宾 PCCW 0.8倍率",
			"id" : "618B3CDC277EC76CA19054B88BC3E736",
			"server" : "pili.chinano1.co",
			"server_port" : 32359,
			"server_udp_port" : 0,
			"password" : "NVRBNl",
			"method" : "chacha20-ietf",
			"protocol" : "auth_aes128_md5",
			"protocolparam" : "",
			"obfs" : "tls1.2_ticket_auth",
			"obfsparam" : "",
			"remarks_base64" : "44CQVjLjgJHoj7Llvovlrr4gUENDVyAwLjjlgI3njoc",
			"group" : "MIMEMI Cloud",
			"enable" : true,
			"udp_over_tcp" : false
		},
		{
			"remarks" : "【V3】香港 11 HKT 0.8倍率",
			"id" : "FFADC906DE78F3D7E91ADB91E238F89A",
			"server" : "6yxli3dp0s.chinano1.co",
			"server_port" : 32359,
			"server_udp_port" : 0,
			"password" : "NVRBNl",
			"method" : "chacha20-ietf",
			"protocol" : "auth_aes128_md5",
			"protocolparam" : "",
			"obfs" : "tls1.2_ticket_auth",
			"obfsparam" : "",
			"remarks_base64" : "44CQVjPjgJHpppnmuK8gMTEgSEtUIDAuOOWAjeeOhw",
			"group" : "MIMEMI Cloud",
			"enable" : true,
			"udp_over_tcp" : false
		},
		{
			"remarks" : "【V3】香港 3 HKT 0.8倍率",
			"id" : "CE186CC180ACADD1F422435E0FEF1490",
			"server" : "hk-hkt.chinano1.co",
			"server_port" : 32359,
			"server_udp_port" : 0,
			"password" : "NVRBNl",
			"method" : "chacha20-ietf",
			"protocol" : "auth_aes128_md5",
			"protocolparam" : "",
			"obfs" : "tls1.2_ticket_auth",
			"obfsparam" : "",
			"remarks_base64" : "44CQVjPjgJHpppnmuK8gMyBIS1QgMC445YCN546H",
			"group" : "MIMEMI Cloud",
			"enable" : true,
			"udp_over_tcp" : false
		},
		{
			"remarks" : "【V3】台湾 3 Hinet 0.8倍率",
			"id" : "34A9FC0B2E3820AB0FDEB23AA0EC5D24",
			"server" : "tw-tfn.synr.asia",
			"server_port" : 32359,
			"server_udp_port" : 0,
			"password" : "NVRBNl",
			"method" : "chacha20-ietf",
			"protocol" : "auth_aes128_md5",
			"protocolparam" : "",
			"obfs" : "tls1.2_ticket_auth",
			"obfsparam" : "",
			"remarks_base64" : "44CQVjPjgJHlj7Dmub4gMyBIaW5ldCAwLjjlgI3njoc",
			"group" : "MIMEMI Cloud",
			"enable" : true,
			"udp_over_tcp" : false
		},
		{
			"remarks" : "【V4】台湾 5 Hinet 0.8倍率",
			"id" : "4BB7D7D500B3B671DE35F90B4849E277",
			"server" : "tw-cht.synr.asia",
			"server_port" : 32359,
			"server_udp_port" : 0,
			"password" : "NVRBNl",
			"method" : "chacha20-ietf",
			"protocol" : "auth_aes128_md5",
			"protocolparam" : "",
			"obfs" : "tls1.2_ticket_auth",
			"obfsparam" : "",
			"remarks_base64" : "44CQVjTjgJHlj7Dmub4gNSBIaW5ldCAwLjjlgI3njoc",
			"group" : "MIMEMI Cloud",
			"enable" : true,
			"udp_over_tcp" : false
		},
		{
			"remarks" : "【V4】德国 CN2 GIA 0.5倍率",
			"id" : "04405ED05045D96C12C64405C31F29B3",
			"server" : "jp-idcf.chinano1.co",
			"server_port" : 32359,
			"server_udp_port" : 0,
			"password" : "NVRBNl",
			"method" : "chacha20-ietf",
			"protocol" : "auth_aes128_md5",
			"protocolparam" : "",
			"obfs" : "tls1.2_ticket_auth",
			"obfsparam" : "",
			"remarks_base64" : "44CQVjTjgJHlvrflm70gQ04yIEdJQSAwLjXlgI3njoc",
			"group" : "MIMEMI Cloud",
			"enable" : true,
			"udp_over_tcp" : false
		},
		{
			"remarks" : "【V4】日本 6 IDCF 0.8倍率",
			"id" : "10CA30DF1F165B38EE3F76EA4D5160C7",
			"server" : "gb9g6qwuw5.chinano1.co",
			"server_port" : 32359,
			"server_udp_port" : 0,
			"password" : "NVRBNl",
			"method" : "chacha20-ietf",
			"protocol" : "auth_aes128_md5",
			"protocolparam" : "",
			"obfs" : "tls1.2_ticket_auth",
			"obfsparam" : "",
			"remarks_base64" : "44CQVjTjgJHml6XmnKwgNiBJRENGIDAuOOWAjeeOhw",
			"group" : "MIMEMI Cloud",
			"enable" : true,
			"udp_over_tcp" : false
		},
		{
			"remarks" : "【V3】美国 4 C3 0.8倍率",
			"id" : "3914848230DC342E09AA2A89D9E5AA7A",
			"server" : "us-ncp.synr.asia",
			"server_port" : 32359,
			"server_udp_port" : 0,
			"password" : "NVRBNl",
			"method" : "chacha20-ietf",
			"protocol" : "auth_aes128_md5",
			"protocolparam" : "",
			"obfs" : "tls1.2_ticket_auth",
			"obfsparam" : "",
			"remarks_base64" : "44CQVjPjgJHnvo7lm70gNCBDMyAwLjjlgI3njoc",
			"group" : "MIMEMI Cloud",
			"enable" : true,
			"udp_over_tcp" : false
		},
		{
			"remarks" : "【V4】韩国 1 KT 2倍率",
			"id" : "44B9536889742AFC28093E57564914D4",
			"server" : "kr-sk.chinano1.co",
			"server_port" : 32359,
			"server_udp_port" : 0,
			"password" : "NVRBNl",
			"method" : "chacha20-ietf",
			"protocol" : "auth_aes128_md5",
			"protocolparam" : "",
			"obfs" : "tls1.2_ticket_auth",
			"obfsparam" : "",
			"remarks_base64" : "44CQVjTjgJHpn6nlm70gMSBLVCAy5YCN546H",
			"group" : "MIMEMI Cloud",
			"enable" : true,
			"udp_over_tcp" : false
		},
		{
			"remarks" : "【V4】香港 1 WTT 0.8倍率",
			"id" : "6F7B60D14DB74C2ECF433CFDAEF0D21A",
			"server" : "hk-ali.chinano1.co",
			"server_port" : 32359,
			"server_udp_port" : 0,
			"password" : "NVRBNl",
			"method" : "chacha20-ietf",
			"protocol" : "auth_aes128_md5",
			"protocolparam" : "",
			"obfs" : "tls1.2_ticket_auth",
			"obfsparam" : "",
			"remarks_base64" : "44CQVjTjgJHpppnmuK8gMSBXVFQgMC445YCN546H",
			"group" : "MIMEMI Cloud",
			"enable" : true,
			"udp_over_tcp" : false
		},
		{
			"remarks" : "【V3】香港 10 HKT 0.8倍率",
			"id" : "FE3D7E4EC0AE961287F2BE3D5C8EE8BF",
			"server" : "hk-hkt-c.chinano1.co",
			"server_port" : 32359,
			"server_udp_port" : 0,
			"password" : "NVRBNl",
			"method" : "chacha20-ietf",
			"protocol" : "auth_aes128_md5",
			"protocolparam" : "",
			"obfs" : "tls1.2_ticket_auth",
			"obfsparam" : "",
			"remarks_base64" : "44CQVjPjgJHpppnmuK8gMTAgSEtUIDAuOOWAjeeOhw",
			"group" : "MIMEMI Cloud",
			"enable" : true,
			"udp_over_tcp" : false
		},
		{
			"remarks" : "【V4】香港 5 Azure 0.5倍率",
			"id" : "B0C7ECB126EB3CF15B7771C33EB73AE8",
			"server" : "hk-leaseweb.chinano1.co",
			"server_port" : 32359,
			"server_udp_port" : 0,
			"password" : "NVRBNl",
			"method" : "chacha20-ietf",
			"protocol" : "auth_aes128_md5",
			"protocolparam" : "",
			"obfs" : "tls1.2_ticket_auth",
			"obfsparam" : "",
			"remarks_base64" : "44CQVjTjgJHpppnmuK8gNSBBenVyZSAwLjXlgI3njoc",
			"group" : "MIMEMI Cloud",
			"enable" : true,
			"udp_over_tcp" : false
		},
		{
			"remarks" : "【V4】香港 6 HKBN 0.8倍率",
			"id" : "018EE608EFEFF029D44415DAD5EFB6C6",
			"server" : "hk-hkbn.chinano1.co",
			"server_port" : 32359,
			"server_udp_port" : 0,
			"password" : "NVRBNl",
			"method" : "chacha20-ietf",
			"protocol" : "auth_aes128_md5",
			"protocolparam" : "",
			"obfs" : "tls1.2_ticket_auth",
			"obfsparam" : "",
			"remarks_base64" : "44CQVjTjgJHpppnmuK8gNiBIS0JOIDAuOOWAjeeOhw",
			"group" : "MIMEMI Cloud",
			"enable" : true,
			"udp_over_tcp" : false
		},
		{
			"remarks" : "【V3】香港 7 HKT 0.8倍率",
			"id" : "5809B0611FDC5259A18B60F09CE8865C",
			"server" : "5sz8lnia25.chinano1.co",
			"server_port" : 32359,
			"server_udp_port" : 0,
			"password" : "NVRBNl",
			"method" : "chacha20-ietf",
			"protocol" : "auth_aes128_md5",
			"protocolparam" : "",
			"obfs" : "tls1.2_ticket_auth",
			"obfsparam" : "",
			"remarks_base64" : "44CQVjPjgJHpppnmuK8gNyBIS1QgMC445YCN546H",
			"group" : "MIMEMI Cloud",
			"enable" : true,
			"udp_over_tcp" : false
		},
		{
			"remarks" : "【V4】香港 9 HKT 0.8倍率",
			"id" : "AAEBBEF1C32EAEE7E32F752345B1B8D4",
			"server" : "y2psm5zy36.chinano1.co",
			"server_port" : 32359,
			"server_udp_port" : 0,
			"password" : "NVRBNl",
			"method" : "chacha20-ietf",
			"protocol" : "auth_aes128_md5",
			"protocolparam" : "",
			"obfs" : "tls1.2_ticket_auth",
			"obfsparam" : "",
			"remarks_base64" : "44CQVjTjgJHpppnmuK8gOSBIS1QgMC445YCN546H",
			"group" : "MIMEMI Cloud",
			"enable" : true,
			"udp_over_tcp" : false
		},
		{
			"remarks" : "【V0】俄罗斯 3 CN2 0.5倍率",
			"id" : "B1A75BA5E40578785FAF2BC128798173",
			"server" : "4ti7x3tzm.chinano1.co",
			"server_port" : 32359,
			"server_udp_port" : 0,
			"password" : "NVRBNl",
			"method" : "chacha20-ietf",
			"protocol" : "auth_aes128_md5",
			"protocolparam" : "",
			"obfs" : "tls1.2_ticket_auth",
			"obfsparam" : "",
			"remarks_base64" : "44CQVjDjgJHkv4TnvZfmlq8gMyBDTjIgMC415YCN546H",
			"group" : "MIMEMI Cloud",
			"enable" : true,
			"udp_over_tcp" : false
		},
		{
			"remarks" : "【V0】英国 Clouvider 0.5倍率",
			"id" : "DDDEF02007E8E994A7B30680E799E686",
			"server" : "uk.chinano1.co",
			"server_port" : 32359,
			"server_udp_port" : 0,
			"password" : "NVRBNl",
			"method" : "chacha20-ietf",
			"protocol" : "auth_aes128_md5",
			"protocolparam" : "",
			"obfs" : "tls1.2_ticket_auth",
			"obfsparam" : "",
			"remarks_base64" : "44CQVjDjgJHoi7Hlm70gQ2xvdXZpZGVyIDAuNeWAjeeOhw",
			"group" : "MIMEMI Cloud",
			"enable" : true,
			"udp_over_tcp" : false
		},
		{
			"remarks" : "【V4】香港 12 HGC 0.8倍率",
			"id" : "3293411C4EAE76711473982ACF06E6FE",
			"server" : "hgc.synr.asia",
			"server_port" : 32359,
			"server_udp_port" : 0,
			"password" : "NVRBNl",
			"method" : "chacha20-ietf",
			"protocol" : "auth_aes128_md5",
			"protocolparam" : "",
			"obfs" : "tls1.2_ticket_auth",
			"obfsparam" : "",
			"remarks_base64" : "44CQVjTjgJHpppnmuK8gMTIgSEdDIDAuOOWAjeeOhw",
			"group" : "MIMEMI Cloud",
			"enable" : true,
			"udp_over_tcp" : false
		},
		{
			"remarks" : "【V4 | IPLC】深圳 - 香港 A 0.8倍率",
			"id" : "AD7B13772D9F28CA279DC9949C991362",
			"server" : "sz-hk.synr.asia",
			"server_port" : 32359,
			"server_udp_port" : 0,
			"password" : "NVRBNl",
			"method" : "chacha20-ietf",
			"protocol" : "auth_aes128_md5",
			"protocolparam" : "",
			"obfs" : "tls1.2_ticket_auth",
			"obfsparam" : "",
			"remarks_base64" : "44CQVjQgfCBJUExD44CR5rex5ZyzIC0g6aaZ5rivIEEgMC445YCN546H",
			"group" : "MIMEMI Cloud",
			"enable" : true,
			"udp_over_tcp" : false
		},
		{
			"remarks" : "【V4 | 游戏】韩国CN2 3倍率",
			"id" : "F1A56F78DDB438DB1C49DE54B431FBE5",
			"server" : "kr-cn2.synr.asia",
			"server_port" : 32359,
			"server_udp_port" : 0,
			"password" : "NVRBNl",
			"method" : "chacha20-ietf",
			"protocol" : "auth_aes128_md5",
			"protocolparam" : "",
			"obfs" : "tls1.2_ticket_auth",
			"obfsparam" : "",
			"remarks_base64" : "44CQVjQgfCDmuLjmiI_jgJHpn6nlm71DTjIgM-WAjeeOhw",
			"group" : "MIMEMI Cloud",
			"enable" : true,
			"udp_over_tcp" : false
		},
		{
			"remarks" : "【V3】香港 13 HKT 0.8倍率",
			"id" : "1824CF8F1B1CBF9E4DE354D6D0FC18E4",
			"server" : "hkt.synr.asia",
			"server_port" : 32359,
			"server_udp_port" : 0,
			"password" : "NVRBNl",
			"method" : "chacha20-ietf",
			"protocol" : "auth_aes128_md5",
			"protocolparam" : "",
			"obfs" : "tls1.2_ticket_auth",
			"obfsparam" : "",
			"remarks_base64" : "44CQVjPjgJHpppnmuK8gMTMgSEtUIDAuOOWAjeeOhw",
			"group" : "MIMEMI Cloud",
			"enable" : true,
			"udp_over_tcp" : false
		},
		{
			"remarks" : "【V4】香港 16 HKT 0.8倍率",
			"id" : "210201FFCF86278703C11C96537277DC",
			"server" : "hf-telecom.synr.asia",
			"server_port" : 32359,
			"server_udp_port" : 0,
			"password" : "NVRBNl",
			"method" : "chacha20-ietf",
			"protocol" : "auth_aes128_md5",
			"protocolparam" : "",
			"obfs" : "tls1.2_ticket_auth",
			"obfsparam" : "",
			"remarks_base64" : "44CQVjTjgJHpppnmuK8gMTYgSEtUIDAuOOWAjeeOhw",
			"group" : "MIMEMI Cloud",
			"enable" : true,
			"udp_over_tcp" : false
		},
		{
			"remarks" : "【V3】美国 1 CN2 GIA 0.8倍率",
			"id" : "078A30E5F0088ACAB86C0E9B19C59587",
			"server" : "us-rfc-los.synr.asia",
			"server_port" : 32359,
			"server_udp_port" : 0,
			"password" : "NVRBNl",
			"method" : "chacha20-ietf",
			"protocol" : "auth_aes128_md5",
			"protocolparam" : "",
			"obfs" : "tls1.2_ticket_auth",
			"obfsparam" : "",
			"remarks_base64" : "44CQVjPjgJHnvo7lm70gMSBDTjIgR0lBIDAuOOWAjeeOhw",
			"group" : "MIMEMI Cloud",
			"enable" : true,
			"udp_over_tcp" : false
		},
		{
			"remarks" : "【V4】美国 3 CN2 GIA 0.8倍率",
			"id" : "33671D437A71C6E41CD8B926E96CEFD2",
			"server" : "us-rfc.synr.asia",
			"server_port" : 32359,
			"server_udp_port" : 0,
			"password" : "NVRBNl",
			"method" : "chacha20-ietf",
			"protocol" : "auth_aes128_md5",
			"protocolparam" : "",
			"obfs" : "tls1.2_ticket_auth",
			"obfsparam" : "",
			"remarks_base64" : "44CQVjTjgJHnvo7lm70gMyBDTjIgR0lBIDAuOOWAjeeOhw",
			"group" : "MIMEMI Cloud",
			"enable" : true,
			"udp_over_tcp" : false
		},
		{
			"remarks" : "【V4 | 中转】深圳BGP - 【V4】香港 14 HKT 0.8倍率",
			"id" : "845EB04EE9AAF6559AC5D7C478B14F11",
			"server" : "ch-sz.synr.asia",
			"server_port" : 32359,
			"server_udp_port" : 0,
			"password" : "NVRBNl",
			"method" : "chacha20-ietf",
			"protocol" : "auth_aes128_md5",
			"protocolparam" : "",
			"obfs" : "tls1.2_ticket_auth",
			"obfsparam" : "",
			"remarks_base64" : "44CQVjQgfCDkuK3ovazjgJHmt7HlnLNCR1AgLSDjgJBWNOOAkemmmea4ryAxNCBIS1QgMC445YCN546H",
			"group" : "MIMEMI Cloud",
			"enable" : true,
			"udp_over_tcp" : false
		},
		{
			"remarks" : "【V2】俄罗斯 4 NSK 0.8倍率",
			"id" : "8FC7C43EE3CE46A3C38713F279DB191E",
			"server" : "aws-sg.synr.asia",
			"server_port" : 32359,
			"server_udp_port" : 0,
			"password" : "NVRBNl",
			"method" : "chacha20-ietf",
			"protocol" : "auth_aes128_md5",
			"protocolparam" : "",
			"obfs" : "tls1.2_ticket_auth",
			"obfsparam" : "",
			"remarks_base64" : "44CQVjLjgJHkv4TnvZfmlq8gNCBOU0sgMC445YCN546H",
			"group" : "MIMEMI Cloud",
			"enable" : true,
			"udp_over_tcp" : false
		},
		{
			"remarks" : "【V4】香港 14 HKT 0.8倍率",
			"id" : "D806C4B06F6EC370CDA5E02060DC35B6",
			"server" : "hkt-a.synr.asia",
			"server_port" : 32359,
			"server_udp_port" : 0,
			"password" : "NVRBNl",
			"method" : "chacha20-ietf",
			"protocol" : "auth_aes128_md5",
			"protocolparam" : "",
			"obfs" : "tls1.2_ticket_auth",
			"obfsparam" : "",
			"remarks_base64" : "44CQVjTjgJHpppnmuK8gMTQgSEtUIDAuOOWAjeeOhw",
			"group" : "MIMEMI Cloud",
			"enable" : true,
			"udp_over_tcp" : false
		},
		{
			"remarks" : "【V4】香港 15 Azure 0.5倍率",
			"id" : "3BE08FA9D3CE2973573C15329B73EC8A",
			"server" : "jp-nhn.synr.asia",
			"server_port" : 32359,
			"server_udp_port" : 0,
			"password" : "NVRBNl",
			"method" : "chacha20-ietf",
			"protocol" : "auth_aes128_md5",
			"protocolparam" : "",
			"obfs" : "tls1.2_ticket_auth",
			"obfsparam" : "",
			"remarks_base64" : "44CQVjTjgJHpppnmuK8gMTUgQXp1cmUgMC415YCN546H",
			"group" : "MIMEMI Cloud",
			"enable" : true,
			"udp_over_tcp" : false
		},
		{
			"remarks" : "剩余流量：98.05% 5.98TB",
			"id" : "59910F00C2BE8AD99AD6CC07C50086C3",
			"server" : "www.mimemi.org",
			"server_port" : 1,
			"server_udp_port" : 0,
			"password" : "breakwall",
			"method" : "chacha20",
			"protocol" : "auth_chain_a",
			"protocolparam" : "",
			"obfs" : "tls1.2_ticket_auth",
			"obfsparam" : "",
			"remarks_base64" : "5Ymp5L2Z5rWB6YeP77yaOTguMDUlIDUuOThUQg",
			"group" : "MIMEMI Cloud",
			"enable" : true,
			"udp_over_tcp" : false
		},
		{
			"remarks" : "过期时间：2020-03-10 00:06:54",
			"id" : "555C009E15AED30BD943F7511DB737F3",
			"server" : "www.mimemi.org",
			"server_port" : 2,
			"server_udp_port" : 0,
			"password" : "breakwall",
			"method" : "chacha20",
			"protocol" : "auth_chain_a",
			"protocolparam" : "",
			"obfs" : "tls1.2_ticket_auth",
			"obfsparam" : "",
			"remarks_base64" : "6L-H5pyf5pe26Ze077yaMjAyMC0wMy0xMCAwMDowNjo1NA",
			"group" : "MIMEMI Cloud",
			"enable" : true,
			"udp_over_tcp" : false
		},
		{
			"remarks" : "【V0】新加坡 NTT 0.5倍率",
			"id" : "2CF4D7B4C8CD0A71B344C8A81EEC192F",
			"server" : "us-nfo-1.synr.asia",
			"server_port" : 32359,
			"server_udp_port" : 0,
			"password" : "NVRBNl",
			"method" : "chacha20-ietf",
			"protocol" : "auth_aes128_md5",
			"protocolparam" : "",
			"obfs" : "tls1.2_ticket_auth",
			"obfsparam" : "",
			"remarks_base64" : "44CQVjDjgJHmlrDliqDlnaEgTlRUIDAuNeWAjeeOhw",
			"group" : "MIMEMI Cloud",
			"enable" : true,
			"udp_over_tcp" : false
		},
		{
			"remarks" : "【回国 | V4】湖南电信 0.5倍率",
			"id" : "B684DFE0A55D11B77625A98464720372",
			"server" : "218.75.201.77",
			"server_port" : 32359,
			"server_udp_port" : 0,
			"password" : "NVRBNl",
			"method" : "chacha20-ietf",
			"protocol" : "auth_aes128_md5",
			"protocolparam" : "",
			"obfs" : "tls1.2_ticket_auth",
			"obfsparam" : "",
			"remarks_base64" : "44CQ5Zue5Zu9IHwgVjTjgJHmuZbljZfnlLXkv6EgMC415YCN546H",
			"group" : "MIMEMI Cloud",
			"enable" : true,
			"udp_over_tcp" : false
		},
		{
			"remarks" : "【V3】美国 5 CN2 GIA 0.5倍率",
			"id" : "D356D2E7DA3D24C67C44533272C748F0",
			"server" : "us.cn2-gia-a.synr.asia",
			"server_port" : 32359,
			"server_udp_port" : 0,
			"password" : "NVRBNl",
			"method" : "chacha20-ietf",
			"protocol" : "auth_aes128_md5",
			"protocolparam" : "",
			"obfs" : "tls1.2_ticket_auth",
			"obfsparam" : "",
			"remarks_base64" : "44CQVjPjgJHnvo7lm70gNSBDTjIgR0lBIDAuNeWAjeeOhw",
			"group" : "MIMEMI Cloud",
			"enable" : true,
			"udp_over_tcp" : false
		},
		{
			"remarks" : "【V3】香港 17 HKT 0.8倍率",
			"id" : "C7B3C49D956473608C5F919FE9B870FA",
			"server" : "hkt-biz-a.gbpscloud.synr.asia",
			"server_port" : 32359,
			"server_udp_port" : 0,
			"password" : "NVRBNl",
			"method" : "chacha20-ietf",
			"protocol" : "auth_aes128_md5",
			"protocolparam" : "",
			"obfs" : "tls1.2_ticket_auth",
			"obfsparam" : "",
			"remarks_base64" : "44CQVjPjgJHpppnmuK8gMTcgSEtUIDAuOOWAjeeOhw",
			"group" : "MIMEMI Cloud",
			"enable" : true,
			"udp_over_tcp" : false
		},
		{
			"remarks" : "【V4】美国 7 CN2 GIA 0.5倍率",
			"id" : "4D0C7FD50E75C0C56E57E91235A5A1BA",
			"server" : "jp-azure.synr.asia",
			"server_port" : 32359,
			"server_udp_port" : 0,
			"password" : "NVRBNl",
			"method" : "chacha20-ietf",
			"protocol" : "auth_aes128_md5",
			"protocolparam" : "",
			"obfs" : "tls1.2_ticket_auth",
			"obfsparam" : "",
			"remarks_base64" : "44CQVjTjgJHnvo7lm70gNyBDTjIgR0lBIDAuNeWAjeeOhw",
			"group" : "MIMEMI Cloud",
			"enable" : true,
			"udp_over_tcp" : false
		},
		{
			"remarks" : "【V4】台湾 6 APTG 0.5倍率",
			"id" : "9CC4652916F3117C5B3A4AE8D1B2CAA6",
			"server" : "qh2s8dkqj2.chinano1.co",
			"server_port" : 32359,
			"server_udp_port" : 0,
			"password" : "NVRBNl",
			"method" : "chacha20-ietf",
			"protocol" : "auth_aes128_md5",
			"protocolparam" : "",
			"obfs" : "tls1.2_ticket_auth",
			"obfsparam" : "",
			"remarks_base64" : "44CQVjTjgJHlj7Dmub4gNiBBUFRHIDAuNeWAjeeOhw",
			"group" : "MIMEMI Cloud",
			"enable" : true,
			"udp_over_tcp" : false
		},
		{
			"remarks" : "【V4】日本 5 IDCF 0.8倍率",
			"id" : "E4B4C49228E1A9F4D068FD8EEF0B93F1",
			"server" : "sg-ali.chinano1.co",
			"server_port" : 32359,
			"server_udp_port" : 0,
			"password" : "NVRBNl",
			"method" : "chacha20-ietf",
			"protocol" : "auth_aes128_md5",
			"protocolparam" : "",
			"obfs" : "tls1.2_ticket_auth",
			"obfsparam" : "",
			"remarks_base64" : "44CQVjTjgJHml6XmnKwgNSBJRENGIDAuOOWAjeeOhw",
			"group" : "MIMEMI Cloud",
			"enable" : true,
			"udp_over_tcp" : false
		},
		{
			"remarks" : "【V4】韩国 3 Azure 0.8倍率",
			"id" : "33DF19B930B6140D35F707D88CC051DB",
			"server" : "kr-azure.synr.asia",
			"server_port" : 32359,
			"server_udp_port" : 0,
			"password" : "NVRBNl",
			"method" : "chacha20-ietf",
			"protocol" : "auth_aes128_md5",
			"protocolparam" : "",
			"obfs" : "tls1.2_ticket_auth",
			"obfsparam" : "",
			"remarks_base64" : "44CQVjTjgJHpn6nlm70gMyBBenVyZSAwLjjlgI3njoc",
			"group" : "MIMEMI Cloud",
			"enable" : true,
			"udp_over_tcp" : false
		},
		{
			"remarks" : "【V4】香港 4 Azure 0.5倍率",
			"id" : "5BA13E11B8AEF01C717EB1990A5CFC9F",
			"server" : "hkt-g.ooscloud.synr.asia",
			"server_port" : 32359,
			"server_udp_port" : 0,
			"password" : "NVRBNl",
			"method" : "chacha20-ietf",
			"protocol" : "auth_aes128_md5",
			"protocolparam" : "",
			"obfs" : "tls1.2_ticket_auth",
			"obfsparam" : "",
			"remarks_base64" : "44CQVjTjgJHpppnmuK8gNCBBenVyZSAwLjXlgI3njoc",
			"group" : "MIMEMI Cloud",
			"enable" : true,
			"udp_over_tcp" : false
		},
		{
			"remarks" : "【V4 | 中转】北京BGP A - 【V4】德国 CN2 GIA 0.5倍率",
			"id" : "DB78BC6D2B47546927297B096DAFE05E",
			"server" : "kr-kt.synr.asia",
			"server_port" : 32359,
			"server_udp_port" : 0,
			"password" : "NVRBNl",
			"method" : "chacha20-ietf",
			"protocol" : "auth_aes128_md5",
			"protocolparam" : "",
			"obfs" : "tls1.2_ticket_auth",
			"obfsparam" : "",
			"remarks_base64" : "44CQVjQgfCDkuK3ovazjgJHljJfkuqxCR1AgQSAtIOOAkFY044CR5b635Zu9IENOMiBHSUEgMC415YCN546H",
			"group" : "MIMEMI Cloud",
			"enable" : true,
			"udp_over_tcp" : false
		},
		{
			"remarks" : "【V2】俄罗斯 5 Gcore 0.8倍率 ",
			"id" : "A2AE1C3F5FE4032B40C4624C7C20F690",
			"server" : "ru5.chinano1.co",
			"server_port" : 32359,
			"server_udp_port" : 0,
			"password" : "NVRBNl",
			"method" : "chacha20-ietf",
			"protocol" : "auth_aes128_md5",
			"protocolparam" : "",
			"obfs" : "tls1.2_ticket_auth",
			"obfsparam" : "",
			"remarks_base64" : "44CQVjLjgJHkv4TnvZfmlq8gNSBHY29yZSAwLjjlgI3njocg",
			"group" : "MIMEMI Cloud",
			"enable" : true,
			"udp_over_tcp" : false
		},
		{
			"remarks" : "【V4】德国 CN2 GIA B 0.5倍率",
			"id" : "479C3291211F9EC902DBA2B9AE85116D",
			"server" : "de.gia.b.synr.asia",
			"server_port" : 32359,
			"server_udp_port" : 0,
			"password" : "NVRBNl",
			"method" : "chacha20-ietf",
			"protocol" : "auth_aes128_md5",
			"protocolparam" : "",
			"obfs" : "tls1.2_ticket_auth",
			"obfsparam" : "",
			"remarks_base64" : "44CQVjTjgJHlvrflm70gQ04yIEdJQSBCIDAuNeWAjeeOhw",
			"group" : "MIMEMI Cloud",
			"enable" : true,
			"udp_over_tcp" : false
		},
		{
			"remarks" : "【V3】香港 8 HKT 0.8倍率",
			"id" : "3550DAC1D1493F340BD53E43472E933D",
			"server" : "hkt-g-a.oos.cloud.cdn.cloudflare.net",
			"server_port" : 32359,
			"server_udp_port" : 0,
			"password" : "NVRBNl",
			"method" : "chacha20-ietf",
			"protocol" : "auth_aes128_md5",
			"protocolparam" : "",
			"obfs" : "tls1.2_ticket_auth",
			"obfsparam" : "",
			"remarks_base64" : "44CQVjPjgJHpppnmuK8gOCBIS1QgMC445YCN546H",
			"group" : "MIMEMI Cloud",
			"enable" : true,
			"udp_over_tcp" : false
		},
		{
			"remarks" : "【V4 | 中转】北京BGP B - 【V4】韩国 1 KT 2倍率",
			"id" : "E8E123A7819B8E8CACE83F38F0164D1E",
			"server" : "us-nfo-2.synr.asia",
			"server_port" : 32359,
			"server_udp_port" : 0,
			"password" : "NVRBNl",
			"method" : "chacha20-ietf",
			"protocol" : "auth_aes128_md5",
			"protocolparam" : "",
			"obfs" : "tls1.2_ticket_auth",
			"obfsparam" : "",
			"remarks_base64" : "44CQVjQgfCDkuK3ovazjgJHljJfkuqxCR1AgQiAtIOOAkFY044CR6Z-p5Zu9IDEgS1QgMuWAjeeOhw",
			"group" : "MIMEMI Cloud",
			"enable" : true,
			"udp_over_tcp" : false
		},
		{
			"remarks" : "【V3】日本 9 IDCF 1.5倍率",
			"id" : "8C97F68D5F34DE21EB55768C5DDBD5AF",
			"server" : "jp-idcf.yahoo.iij.oos.cloud.cdn.cloudflare.net",
			"server_port" : 32359,
			"server_udp_port" : 0,
			"password" : "NVRBNl",
			"method" : "chacha20-ietf",
			"protocol" : "auth_aes128_md5",
			"protocolparam" : "",
			"obfs" : "tls1.2_ticket_auth",
			"obfsparam" : "",
			"remarks_base64" : "44CQVjPjgJHml6XmnKwgOSBJRENGIDEuNeWAjeeOhw",
			"group" : "MIMEMI Cloud",
			"enable" : true,
			"udp_over_tcp" : false
		},
		{
			"remarks" : "【V4】澳门 BGP 0.5倍率",
			"id" : "EAE61E3B4C2B7CCA6B275D9B5D62BCB6",
			"server" : "macau-200m.bgp.oos.cloud.cdn.cloudflare.net",
			"server_port" : 32359,
			"server_udp_port" : 0,
			"password" : "NVRBNl",
			"method" : "chacha20-ietf",
			"protocol" : "auth_aes128_md5",
			"protocolparam" : "",
			"obfs" : "tls1.2_ticket_auth",
			"obfsparam" : "",
			"remarks_base64" : "44CQVjTjgJHmvrPpl6ggQkdQIDAuNeWAjeeOhw",
			"group" : "MIMEMI Cloud",
			"enable" : true,
			"udp_over_tcp" : false
		},
		{
			"remarks" : "【V4】香港 18 Azure 0.5倍率",
			"id" : "0C34FEB3C300253D78232D0A362CCE66",
			"server" : "kr-100m.cn2-gia.oos.cloud.cdn.cloudflare.net",
			"server_port" : 32359,
			"server_udp_port" : 0,
			"password" : "NVRBNl",
			"method" : "chacha20-ietf",
			"protocol" : "auth_aes128_md5",
			"protocolparam" : "",
			"obfs" : "tls1.2_ticket_auth",
			"obfsparam" : "",
			"remarks_base64" : "44CQVjTjgJHpppnmuK8gMTggQXp1cmUgMC415YCN546H",
			"group" : "MIMEMI Cloud",
			"enable" : true,
			"udp_over_tcp" : false
		},
		{
			"remarks" : "【V4 | IPLC】无锡 - 日本 A 0.8倍率",
			"id" : "D9B6D018AB36608AF1914158ED875BA6",
			"server" : "wx-jp.iplc.synr.asia",
			"server_port" : 32359,
			"server_udp_port" : 0,
			"password" : "NVRBNl",
			"method" : "chacha20-ietf",
			"protocol" : "auth_aes128_md5",
			"protocolparam" : "",
			"obfs" : "tls1.2_ticket_auth",
			"obfsparam" : "",
			"remarks_base64" : "44CQVjQgfCBJUExD44CR5peg6ZShIC0g5pel5pysIEEgMC445YCN546H",
			"group" : "MIMEMI Cloud",
			"enable" : true,
			"udp_over_tcp" : false
		},
		{
			"remarks" : "【V4 | 中转】北京BGP C - 【V4】台湾 1 Hinet 0.8倍率",
			"id" : "369E9C2CEC85829F7792EEA875238957",
			"server" : "bj.bgp.300m.synr.asia",
			"server_port" : 32359,
			"server_udp_port" : 0,
			"password" : "NVRBNl",
			"method" : "chacha20-ietf",
			"protocol" : "auth_aes128_md5",
			"protocolparam" : "",
			"obfs" : "tls1.2_ticket_auth",
			"obfsparam" : "",
			"remarks_base64" : "44CQVjQgfCDkuK3ovazjgJHljJfkuqxCR1AgQyAtIOOAkFY044CR5Y-w5rm-IDEgSGluZXQgMC445YCN546H",
			"group" : "MIMEMI Cloud",
			"enable" : true,
			"udp_over_tcp" : false
		},
		{
			"remarks" : "【V2】日本 10 ablenet 0.5倍率",
			"id" : "300A88329B474D5EE158A48ABC1A3AC9",
			"server" : "ablenet-a.200m.oos.cloud.cdn.cloudflare.net",
			"server_port" : 32359,
			"server_udp_port" : 0,
			"password" : "NVRBNl",
			"method" : "chacha20-ietf",
			"protocol" : "auth_aes128_md5",
			"protocolparam" : "",
			"obfs" : "tls1.2_ticket_auth",
			"obfsparam" : "",
			"remarks_base64" : "44CQVjLjgJHml6XmnKwgMTAgYWJsZW5ldCAwLjXlgI3njoc",
			"group" : "MIMEMI Cloud",
			"enable" : true,
			"udp_over_tcp" : false
		},
		{
			"remarks" : "【V4】台湾 1 Hinet 0.8倍率",
			"id" : "C55F5D0C35D1AE1300AC41B91DED1AA7",
			"server" : "tw-hinet.chinano1.co",
			"server_port" : 32359,
			"server_udp_port" : 0,
			"password" : "NVRBNl",
			"method" : "chacha20-ietf",
			"protocol" : "auth_aes128_md5",
			"protocolparam" : "",
			"obfs" : "tls1.2_ticket_auth",
			"obfsparam" : "",
			"remarks_base64" : "44CQVjTjgJHlj7Dmub4gMSBIaW5ldCAwLjjlgI3njoc",
			"group" : "MIMEMI Cloud",
			"enable" : true,
			"udp_over_tcp" : false
		},
		{
			"remarks" : "【V4 | 中转】北京BGP D - 【V3】香港 8 HKT 0.8倍率",
			"id" : "E473D1C271E8BA9B976BCCC46416BB87",
			"server" : "bj-ucloud.300m.bgp.ooscloud.com.cdn.cloudflare.net",
			"server_port" : 32359,
			"server_udp_port" : 0,
			"password" : "NVRBNl",
			"method" : "chacha20-ietf",
			"protocol" : "auth_aes128_md5",
			"protocolparam" : "",
			"obfs" : "tls1.2_ticket_auth",
			"obfsparam" : "",
			"remarks_base64" : "44CQVjQgfCDkuK3ovazjgJHljJfkuqxCR1AgRCAtIOOAkFYz44CR6aaZ5rivIDggSEtUIDAuOOWAjeeOhw",
			"group" : "MIMEMI Cloud",
			"enable" : true,
			"udp_over_tcp" : false
		},
		{
			"remarks" : "巴西 特殊用途 視頻不推薦",
			"id" : "2706D22B27ED12D33D3D2897B872A35E",
			"server" : "191.238.211.36",
			"server_port" : 32359,
			"server_udp_port" : 0,
			"password" : "NVRBNl",
			"method" : "chacha20-ietf",
			"protocol" : "auth_aes128_md5",
			"protocolparam" : "",
			"obfs" : "tls1.2_ticket_auth",
			"obfsparam" : "",
			"remarks_base64" : "5be06KW_IOeJueauiueUqOmAlCDoppbpoLvkuI3mjqjolqY",
			"group" : "MIMEMI Cloud",
			"enable" : true,
			"udp_over_tcp" : false
		},
		{
			"remarks" : "【V0】日本 IIJ 0.5倍率",
			"id" : "6C21A9AE3C29120E779EB9C9F3A956D1",
			"server" : "us-cogent-a.synr.asia",
			"server_port" : 32359,
			"server_udp_port" : 0,
			"password" : "NVRBNl",
			"method" : "chacha20-ietf",
			"protocol" : "auth_aes128_md5",
			"protocolparam" : "",
			"obfs" : "tls1.2_ticket_auth",
			"obfsparam" : "",
			"remarks_base64" : "44CQVjDjgJHml6XmnKwgSUlKIDAuNeWAjeeOhw",
			"group" : "MIMEMI Cloud",
			"enable" : true,
			"udp_over_tcp" : false
		},
		{
			"remarks" : "【V3】日本 7 K-OP 0.5倍率",
			"id" : "E149142FE32CE4AB7B358E37D7335A71",
			"server" : "jp.k-op.iij.synr.asia",
			"server_port" : 32359,
			"server_udp_port" : 0,
			"password" : "NVRBNl",
			"method" : "chacha20-ietf",
			"protocol" : "auth_aes128_md5",
			"protocolparam" : "",
			"obfs" : "tls1.2_ticket_auth",
			"obfsparam" : "",
			"remarks_base64" : "44CQVjPjgJHml6XmnKwgNyBLLU9QIDAuNeWAjeeOhw",
			"group" : "MIMEMI Cloud",
			"enable" : true,
			"udp_over_tcp" : false
		},
		{
			"remarks" : "【V4】香港 20 Azure 0.5倍率",
			"id" : "8390D652A736C166A0B2180738A8ECEB",
			"server" : "hk-1.azure.oos.cloud.cdn.cloudflare.net",
			"server_port" : 32359,
			"server_udp_port" : 0,
			"password" : "NVRBNl",
			"method" : "chacha20-ietf",
			"protocol" : "auth_aes128_md5",
			"protocolparam" : "",
			"obfs" : "tls1.2_ticket_auth",
			"obfsparam" : "",
			"remarks_base64" : "44CQVjTjgJHpppnmuK8gMjAgQXp1cmUgMC415YCN546H",
			"group" : "MIMEMI Cloud",
			"enable" : true,
			"udp_over_tcp" : false
		},
		{
			"remarks" : "【V4】新加坡 2 Azure 0.8倍率",
			"id" : "741642E0A9A1960898EA76107DA42871",
			"server" : "qbq8q4eb8zq.chinano1.co",
			"server_port" : 32359,
			"server_udp_port" : 0,
			"password" : "NVRBNl",
			"method" : "chacha20-ietf",
			"protocol" : "auth_aes128_md5",
			"protocolparam" : "",
			"obfs" : "tls1.2_ticket_auth",
			"obfsparam" : "",
			"remarks_base64" : "44CQVjTjgJHmlrDliqDlnaEgMiBBenVyZSAwLjjlgI3njoc",
			"group" : "MIMEMI Cloud",
			"enable" : true,
			"udp_over_tcp" : false
		},
		{
			"remarks" : "【V4】日本 8 Azure 0.5倍率",
			"id" : "9F89A7B871A88BAD1D35B5E41C84BF7F",
			"server" : "jp-8.azure.ooscloud.com.cdn.cloudflare.net",
			"server_port" : 32359,
			"server_udp_port" : 0,
			"password" : "NVRBNl",
			"method" : "chacha20-ietf",
			"protocol" : "auth_aes128_md5",
			"protocolparam" : "",
			"obfs" : "tls1.2_ticket_auth",
			"obfsparam" : "",
			"remarks_base64" : "44CQVjTjgJHml6XmnKwgOCBBenVyZSAwLjXlgI3njoc",
			"group" : "MIMEMI Cloud",
			"enable" : true,
			"udp_over_tcp" : false
		},
		{
			"remarks" : "【V4】韩国 4 Azure 0.8倍率",
			"id" : "579EBF956FFEDBE6F39AF2C57124BD99",
			"server" : "kr-4.azure.ooscloud.com.cdn.cloudflare.net",
			"server_port" : 32359,
			"server_udp_port" : 0,
			"password" : "NVRBNl",
			"method" : "chacha20-ietf",
			"protocol" : "auth_aes128_md5",
			"protocolparam" : "",
			"obfs" : "tls1.2_ticket_auth",
			"obfsparam" : "",
			"remarks_base64" : "44CQVjTjgJHpn6nlm70gNCBBenVyZSAwLjjlgI3njoc",
			"group" : "MIMEMI Cloud",
			"enable" : true,
			"udp_over_tcp" : false
		},
		{
			"remarks" : "【V4】香港 21 Azure 0.8倍率",
			"id" : "F1D8F8BF3E2A35D55064FB38762269A3",
			"server" : "hk-2.azure.oos.cloud.cdn.cloudflare.net",
			"server_port" : 32359,
			"server_udp_port" : 0,
			"password" : "NVRBNl",
			"method" : "chacha20-ietf",
			"protocol" : "auth_aes128_md5",
			"protocolparam" : "",
			"obfs" : "tls1.2_ticket_auth",
			"obfsparam" : "",
			"remarks_base64" : "44CQVjTjgJHpppnmuK8gMjEgQXp1cmUgMC445YCN546H",
			"group" : "MIMEMI Cloud",
			"enable" : true,
			"udp_over_tcp" : false
		},
		{
			"remarks" : "【V3】香港 19 HKBN 0.8倍率 ",
			"id" : "CDB3443CF1200A2E43F160B21FDB68BC",
			"server" : "huawei.hk.300m.oos.cloud.cdn.cloudflare.net",
			"server_port" : 995,
			"server_udp_port" : 0,
			"password" : "mimemi",
			"method" : "aes-256-ctr",
			"protocol" : "auth_aes128_md5",
			"protocolparam" : "1195:NVRBNl",
			"obfs" : "tls1.2_ticket_auth",
			"obfsparam" : "hk2sch8dac51195.wns.windows.com",
			"remarks_base64" : "44CQVjPjgJHpppnmuK8gMTkgSEtCTiAwLjjlgI3njocg",
			"group" : "MIMEMI Cloud",
			"enable" : true,
			"udp_over_tcp" : false
		},
		{
			"remarks" : "【V4 | IPLC】上海 - 香港 A 0.8倍率",
			"id" : "0924E77DC14DC714B25CE2E4707A5427",
			"server" : "sh-hk.synr.asia",
			"server_port" : 32359,
			"server_udp_port" : 0,
			"password" : "NVRBNl",
			"method" : "chacha20-ietf",
			"protocol" : "auth_aes128_md5",
			"protocolparam" : "",
			"obfs" : "tls1.2_ticket_auth",
			"obfsparam" : "",
			"remarks_base64" : "44CQVjQgfCBJUExD44CR5LiK5rW3IC0g6aaZ5rivIEEgMC445YCN546H",
			"group" : "MIMEMI Cloud",
			"enable" : true,
			"udp_over_tcp" : false
		},
		{
			"remarks" : "【V4 | 中转】上海BGP - 【V4】日本 5 IDCF 0.8倍率",
			"id" : "A6EB3E3C43BAEB3E0AB7C655F41EABAB",
			"server" : "sh-az.bgp.1g.synr.asia",
			"server_port" : 32359,
			"server_udp_port" : 0,
			"password" : "NVRBNl",
			"method" : "chacha20-ietf",
			"protocol" : "auth_aes128_md5",
			"protocolparam" : "",
			"obfs" : "tls1.2_ticket_auth",
			"obfsparam" : "",
			"remarks_base64" : "44CQVjQgfCDkuK3ovazjgJHkuIrmtbdCR1AgLSDjgJBWNOOAkeaXpeacrCA1IElEQ0YgMC445YCN546H",
			"group" : "MIMEMI Cloud",
			"enable" : true,
			"udp_over_tcp" : false
		},
		{
			"remarks" : "【V4】香港 22 HKT 0.5倍率",
			"id" : "9E5B9ACF9C74459006077EDA6FE5C0A3",
			"server" : "hkt-21.1g.ooscloud.com.cdn.cloudflare.net",
			"server_port" : 32359,
			"server_udp_port" : 0,
			"password" : "NVRBNl",
			"method" : "chacha20-ietf",
			"protocol" : "auth_aes128_md5",
			"protocolparam" : "",
			"obfs" : "tls1.2_ticket_auth",
			"obfsparam" : "",
			"remarks_base64" : "44CQVjTjgJHpppnmuK8gMjIgSEtUIDAuNeWAjeeOhw",
			"group" : "MIMEMI Cloud",
			"enable" : true,
			"udp_over_tcp" : false
		},
		{
			"remarks" : "【V4】香港 23 Azure 0.8倍率",
			"id" : "759337F6365F9B6D87E4DC15A390E1E0",
			"server" : "hk-az-a.chinano1.co",
			"server_port" : 32359,
			"server_udp_port" : 0,
			"password" : "NVRBNl",
			"method" : "chacha20-ietf",
			"protocol" : "auth_aes128_md5",
			"protocolparam" : "",
			"obfs" : "tls1.2_ticket_auth",
			"obfsparam" : "",
			"remarks_base64" : "44CQVjTjgJHpppnmuK8gMjMgQXp1cmUgMC445YCN546H",
			"group" : "MIMEMI Cloud",
			"enable" : true,
			"udp_over_tcp" : false
		},
		{
			"remarks" : "【V4】香港 24 Azure 0.8倍率",
			"id" : "B75B9A3A9CA314293F5B98748F3E4BB8",
			"server" : "hk-24.azure.ooscloud.com.cdn.cloudflare.net",
			"server_port" : 32359,
			"server_udp_port" : 0,
			"password" : "NVRBNl",
			"method" : "chacha20-ietf",
			"protocol" : "auth_aes128_md5",
			"protocolparam" : "",
			"obfs" : "tls1.2_ticket_auth",
			"obfsparam" : "",
			"remarks_base64" : "44CQVjTjgJHpppnmuK8gMjQgQXp1cmUgMC445YCN546H",
			"group" : "MIMEMI Cloud",
			"enable" : true,
			"udp_over_tcp" : false
		},
		{
			"remarks" : "【回国 | V4】四川移动 0.5倍率",
			"id" : "6861443317B00C7978D1D0554D1B1788",
			"server" : "cn.sc-cm.1g.oos.cloud.cdn.cloudflare.net",
			"server_port" : 32359,
			"server_udp_port" : 0,
			"password" : "NVRBNl",
			"method" : "chacha20-ietf",
			"protocol" : "auth_aes128_md5",
			"protocolparam" : "",
			"obfs" : "tls1.2_ticket_auth",
			"obfsparam" : "",
			"remarks_base64" : "44CQ5Zue5Zu9IHwgVjTjgJHlm5vlt53np7vliqggMC415YCN546H",
			"group" : "MIMEMI Cloud",
			"enable" : true,
			"udp_over_tcp" : false
		}
	],
	"index" : 23,
	"random" : false,
	"sysProxyMode" : 3,
	"shareOverLan" : false,
	"localPort" : 1080,
	"localAuthPassword" : "DUDE2VMcyR0uz5QQaF0n",
	"dnsServer" : "",
	"reconnectTimes" : 2,
	"balanceAlgorithm" : "LowException",
	"randomInGroup" : false,
	"TTL" : 0,
	"connectTimeout" : 5,
	"proxyRuleMode" : 2,
	"proxyEnable" : false,
	"pacDirectGoProxy" : false,
	"proxyType" : 0,
	"proxyHost" : null,
	"proxyPort" : 0,
	"proxyAuthUser" : null,
	"proxyAuthPass" : null,
	"proxyUserAgent" : null,
	"authUser" : null,
	"authPass" : null,
	"autoBan" : false,
	"sameHostForSameTarget" : false,
	"keepVisitTime" : 180,
	"isHideTips" : false,
	"nodeFeedAutoUpdate" : true,
	"serverSubscribes" : [
		{
			"URL" : "https://www.mimemi.org/link/LvXIKRQCm24R9S9G?mu=0",
			"Group" : "MIMEMI Cloud",
			"LastUpdateTime" : 1558821158
		}
	],
	"token" : {

	},
	"portMap" : {

	}
}