{
	"hk-hkt-c.chinano1.co" : {
		"totalUploadBytes" : 22036811,
		"totalDownloadBytes" : 199761048
	},
	"hk-hkt.chinano1.co" : {
		"totalUploadBytes" : 3917337,
		"totalDownloadBytes" : 74480218
	},
	"hk-wtt-b.chinano1.co" : {
		"totalUploadBytes" : 935691,
		"totalDownloadBytes" : 14632358
	},
	"tw-tfn.synr.asia" : {
		"totalUploadBytes" : 226141,
		"totalDownloadBytes" : 2594477
	},
	"usa.synr.asia" : {
		"totalUploadBytes" : 2823666,
		"totalDownloadBytes" : 17054905
	},
	"jwnmt9zdpp.chinano1.co" : {
		"totalUploadBytes" : 19056699,
		"totalDownloadBytes" : 1063262004
	},
	"sg-azure.chinano1.co" : {
		"totalUploadBytes" : 7346762,
		"totalDownloadBytes" : 146648600
	},
	"6yxli3dp0s.chinano1.co" : {
		"totalUploadBytes" : 66940,
		"totalDownloadBytes" : 433762
	},
	"us-ncp.synr.asia" : {
		"totalUploadBytes" : 26633,
		"totalDownloadBytes" : 20762
	},
	"jp-idcf.chinano1.co" : {
		"totalUploadBytes" : 925792,
		"totalDownloadBytes" : 6281903
	},
	"jp-kagaya.chinano1.co" : {
		"totalUploadBytes" : 16719229,
		"totalDownloadBytes" : 656508685
	}
}