{
	"hk-hkt-c.chinano1.co" : {
		"totalUploadBytes" : 22107844,
		"totalDownloadBytes" : 199843425
	},
	"hk-hkt.chinano1.co" : {
		"totalUploadBytes" : 8791431,
		"totalDownloadBytes" : 439857754
	},
	"hk-wtt-b.chinano1.co" : {
		"totalUploadBytes" : 935691,
		"totalDownloadBytes" : 14632358
	},
	"tw-tfn.synr.asia" : {
		"totalUploadBytes" : 226141,
		"totalDownloadBytes" : 2594477
	},
	"usa.synr.asia" : {
		"totalUploadBytes" : 2823666,
		"totalDownloadBytes" : 17054905
	},
	"jwnmt9zdpp.chinano1.co" : {
		"totalUploadBytes" : 19056699,
		"totalDownloadBytes" : 1063262004
	},
	"sg-azure.chinano1.co" : {
		"totalUploadBytes" : 7353882,
		"totalDownloadBytes" : 146706680
	},
	"6yxli3dp0s.chinano1.co" : {
		"totalUploadBytes" : 17486034,
		"totalDownloadBytes" : 904066819
	},
	"us-ncp.synr.asia" : {
		"totalUploadBytes" : 26633,
		"totalDownloadBytes" : 20762
	},
	"jp-idcf.chinano1.co" : {
		"totalUploadBytes" : 925792,
		"totalDownloadBytes" : 6281903
	},
	"jp-kagaya.chinano1.co" : {
		"totalUploadBytes" : 91980016,
		"totalDownloadBytes" : 7698585394
	},
	"hk-leaseweb.chinano1.co" : {
		"totalUploadBytes" : 823251214,
		"totalDownloadBytes" : 15656494123
	},
	"94eq6okmcb.chinano1.co" : {
		"totalUploadBytes" : 3124617,
		"totalDownloadBytes" : 667460888
	},
	"5sz8lnia25.chinano1.co" : {
		"totalUploadBytes" : 70461244,
		"totalDownloadBytes" : 4953572155
	},
	"tw-cht.synr.asia" : {
		"totalUploadBytes" : 3934553,
		"totalDownloadBytes" : 640812474
	},
	"4ti7x3tzm.chinano1.co" : {
		"totalUploadBytes" : 606689,
		"totalDownloadBytes" : 11230989
	},
	"hf-telecom.synr.asia" : {
		"totalUploadBytes" : 4145263,
		"totalDownloadBytes" : 137752303
	},
	"hkt-g.ooscloud.synr.asia" : {
		"totalUploadBytes" : 15495688,
		"totalDownloadBytes" : 1109341275
	},
	"de.gia.b.synr.asia" : {
		"totalUploadBytes" : 3655,
		"totalDownloadBytes" : 8443
	},
	"y2psm5zy36.chinano1.co" : {
		"totalUploadBytes" : 10218,
		"totalDownloadBytes" : 33693
	},
	"kr-azure.synr.asia" : {
		"totalUploadBytes" : 66535864,
		"totalDownloadBytes" : 7401724376
	},
	"hkt.synr.asia" : {
		"totalUploadBytes" : 52202897,
		"totalDownloadBytes" : 905860413
	},
	"cn.unicom.b.xyxxyx.xyz" : {
		"totalUploadBytes" : 42611289,
		"totalDownloadBytes" : 3136039851
	},
	"us-cogent-a.synr.asia" : {
		"totalUploadBytes" : 4977717,
		"totalDownloadBytes" : 171563386
	},
	"hk-1.azure.oos.cloud.cdn.cloudflare.net" : {
		"totalUploadBytes" : 4330493,
		"totalDownloadBytes" : 615918519
	},
	"hkt-g-a.oos.cloud.cdn.cloudflare.net" : {
		"totalUploadBytes" : 268116,
		"totalDownloadBytes" : 4262626
	},
	"cn.un.100m.a.wdnmd.co.cdn.cloudflare.net" : {
		"totalUploadBytes" : 206621,
		"totalDownloadBytes" : 153774
	},
	"hk-az-a.chinano1.co" : {
		"totalUploadBytes" : 92212234,
		"totalDownloadBytes" : 8755126708
	},
	"sg-ali.chinano1.co" : {
		"totalUploadBytes" : 96933337,
		"totalDownloadBytes" : 9403185878
	},
	"cn.sc-cm.1g.oos.cloud.cdn.cloudflare.net" : {
		"totalUploadBytes" : 8113,
		"totalDownloadBytes" : 55918
	},
	"ch-sz.synr.asia" : {
		"totalUploadBytes" : 222474,
		"totalDownloadBytes" : 803489
	},
	"qbq8q4eb8zq.chinano1.co" : {
		"totalUploadBytes" : 20652791,
		"totalDownloadBytes" : 2047033548
	},
	"jp-8.azure.ooscloud.com.cdn.cloudflare.net" : {
		"totalUploadBytes" : 8232047,
		"totalDownloadBytes" : 312722327
	},
	"us-dedi.synr.asia" : {
		"totalUploadBytes" : 3230730,
		"totalDownloadBytes" : 83379588
	},
	"tw-hinet.chinano1.co" : {
		"totalUploadBytes" : 17560148,
		"totalDownloadBytes" : 1601757368
	},
	"kr-4.azure.ooscloud.com.cdn.cloudflare.net" : {
		"totalUploadBytes" : 1198637,
		"totalDownloadBytes" : 19662002
	},
	"wx-jp.iplc.synr.asia" : {
		"totalUploadBytes" : 31590,
		"totalDownloadBytes" : 0
	},
	"hk-24.azure.ooscloud.com.cdn.cloudflare.net" : {
		"totalUploadBytes" : 128989,
		"totalDownloadBytes" : 124789
	},
	"hkt-a.synr.asia" : {
		"totalUploadBytes" : 128902667,
		"totalDownloadBytes" : 10826682033
	},
	"hk-2.azure.oos.cloud.cdn.cloudflare.net" : {
		"totalUploadBytes" : 211378,
		"totalDownloadBytes" : 3253145
	},
	"bvs8t6xkx3.chinano1.co" : {
		"totalUploadBytes" : 28990200,
		"totalDownloadBytes" : 1567100343
	},
	"fgyjikytrq.chinano1.co" : {
		"totalUploadBytes" : 18256645,
		"totalDownloadBytes" : 165172044
	},
	"q4sexfymj0.chinano1.co" : {
		"totalUploadBytes" : 556,
		"totalDownloadBytes" : 0
	},
	"jp.4.gmo.wdnmd.co.cdn.cloudflare.net" : {
		"totalUploadBytes" : 5263,
		"totalDownloadBytes" : 8255
	},
	"bj-ucloud.300m.bgp.ooscloud.com.cdn.cloudflare.net" : {
		"totalUploadBytes" : 568,
		"totalDownloadBytes" : 0
	},
	"us-rfc.synr.asia" : {
		"totalUploadBytes" : 138028345,
		"totalDownloadBytes" : 1476245127
	},
	"hkt-biz-a.gbpscloud.synr.asia" : {
		"totalUploadBytes" : 94959113,
		"totalDownloadBytes" : 4972800534
	},
	"hkbn-d.1000m.ooscloud.com.cdn.cloudflare.net" : {
		"totalUploadBytes" : 34874,
		"totalDownloadBytes" : 22122
	},
	"hgc.synr.asia" : {
		"totalUploadBytes" : 57102,
		"totalDownloadBytes" : 3722
	},
	"gb9g6qwuw5.chinano1.co" : {
		"totalUploadBytes" : 24258,
		"totalDownloadBytes" : 13276
	},
	"jp-azure.synr.asia" : {
		"totalUploadBytes" : 247251,
		"totalDownloadBytes" : 39371
	},
	"wtt.1gbps.a.wdnmd.co.cdn.cloudflare.net" : {
		"totalUploadBytes" : 31817,
		"totalDownloadBytes" : 1689
	},
	"cn.unicom.1g.a.wdnmd.co.cdn.cloudflare.net" : {
		"totalUploadBytes" : 71589,
		"totalDownloadBytes" : 22024
	},
	"qh2s8dkqj2.chinano1.co" : {
		"totalUploadBytes" : 70048,
		"totalDownloadBytes" : 4534
	},
	"szhk.iplc.500.c.wdnmd.co.cdn.cloudflare.net" : {
		"totalUploadBytes" : 21098,
		"totalDownloadBytes" : 13047
	},
	"bj.bgp.300m.synr.asia" : {
		"totalUploadBytes" : 30957,
		"totalDownloadBytes" : 1439
	},
	"bgp.gz.300m.a.wdnmd.co.cdn.cloudflare.net" : {
		"totalUploadBytes" : 1335,
		"totalDownloadBytes" : 6335
	},
	"jp-nhn.synr.asia" : {
		"totalUploadBytes" : 64414,
		"totalDownloadBytes" : 4522
	},
	"hkbn-b.1000m.ooscloud.com.cdn.cloudflare.net" : {
		"totalUploadBytes" : 25243,
		"totalDownloadBytes" : 2012
	},
	"hk-hkbn.chinano1.co" : {
		"totalUploadBytes" : 78659,
		"totalDownloadBytes" : 5341
	},
	"yreiuvn30bc.chinano1.co" : {
		"totalUploadBytes" : 13548,
		"totalDownloadBytes" : 790
	},
	"us.cn2-gia-a.synr.asia" : {
		"totalUploadBytes" : 8697,
		"totalDownloadBytes" : 403
	},
	"us-nfo-1.synr.asia" : {
		"totalUploadBytes" : 10246,
		"totalDownloadBytes" : 661
	},
	"v1.a.goodssr.cc" : {
		"totalUploadBytes" : 22606,
		"totalDownloadBytes" : 0
	},
	"szhk.iplc.500.g.wdnmd.co.cdn.cloudflare.net" : {
		"totalUploadBytes" : 1288714,
		"totalDownloadBytes" : 110685
	},
	"v3-node102.mimemi-y7ez.com" : {
		"totalUploadBytes" : 226372,
		"totalDownloadBytes" : 2278969
	}
}