{
	"hk-hkt-c.chinano1.co" : {
		"totalUploadBytes" : 22036811,
		"totalDownloadBytes" : 199761048
	},
	"hk-hkt.chinano1.co" : {
		"totalUploadBytes" : 8791431,
		"totalDownloadBytes" : 439857754
	},
	"hk-wtt-b.chinano1.co" : {
		"totalUploadBytes" : 935691,
		"totalDownloadBytes" : 14632358
	},
	"tw-tfn.synr.asia" : {
		"totalUploadBytes" : 226141,
		"totalDownloadBytes" : 2594477
	},
	"usa.synr.asia" : {
		"totalUploadBytes" : 2823666,
		"totalDownloadBytes" : 17054905
	},
	"jwnmt9zdpp.chinano1.co" : {
		"totalUploadBytes" : 19056699,
		"totalDownloadBytes" : 1063262004
	},
	"sg-azure.chinano1.co" : {
		"totalUploadBytes" : 7346762,
		"totalDownloadBytes" : 146648600
	},
	"6yxli3dp0s.chinano1.co" : {
		"totalUploadBytes" : 66940,
		"totalDownloadBytes" : 433762
	},
	"us-ncp.synr.asia" : {
		"totalUploadBytes" : 26633,
		"totalDownloadBytes" : 20762
	},
	"jp-idcf.chinano1.co" : {
		"totalUploadBytes" : 925792,
		"totalDownloadBytes" : 6281903
	},
	"jp-kagaya.chinano1.co" : {
		"totalUploadBytes" : 91980016,
		"totalDownloadBytes" : 7698585394
	},
	"hk-leaseweb.chinano1.co" : {
		"totalUploadBytes" : 823251214,
		"totalDownloadBytes" : 15656494123
	},
	"94eq6okmcb.chinano1.co" : {
		"totalUploadBytes" : 3124617,
		"totalDownloadBytes" : 667460888
	},
	"5sz8lnia25.chinano1.co" : {
		"totalUploadBytes" : 26244224,
		"totalDownloadBytes" : 1121924924
	},
	"tw-cht.synr.asia" : {
		"totalUploadBytes" : 3934553,
		"totalDownloadBytes" : 640812474
	},
	"4ti7x3tzm.chinano1.co" : {
		"totalUploadBytes" : 606689,
		"totalDownloadBytes" : 11230989
	},
	"hf-telecom.synr.asia" : {
		"totalUploadBytes" : 214732,
		"totalDownloadBytes" : 108219
	},
	"hkt-g.ooscloud.synr.asia" : {
		"totalUploadBytes" : 7893157,
		"totalDownloadBytes" : 559404668
	},
	"de.gia.b.synr.asia" : {
		"totalUploadBytes" : 3655,
		"totalDownloadBytes" : 8443
	},
	"y2psm5zy36.chinano1.co" : {
		"totalUploadBytes" : 10218,
		"totalDownloadBytes" : 33693
	},
	"kr-azure.synr.asia" : {
		"totalUploadBytes" : 53793629,
		"totalDownloadBytes" : 6733154434
	},
	"hkt.synr.asia" : {
		"totalUploadBytes" : 46876465,
		"totalDownloadBytes" : 890302942
	},
	"cn.unicom.b.xyxxyx.xyz" : {
		"totalUploadBytes" : 42611289,
		"totalDownloadBytes" : 3136039851
	},
	"us-cogent-a.synr.asia" : {
		"totalUploadBytes" : 4977717,
		"totalDownloadBytes" : 171563386
	},
	"hk-1.azure.oos.cloud.cdn.cloudflare.net" : {
		"totalUploadBytes" : 3883769,
		"totalDownloadBytes" : 615809350
	},
	"hkt-g-a.oos.cloud.cdn.cloudflare.net" : {
		"totalUploadBytes" : 258391,
		"totalDownloadBytes" : 4262086
	},
	"cn.un.100m.a.wdnmd.co.cdn.cloudflare.net" : {
		"totalUploadBytes" : 206621,
		"totalDownloadBytes" : 153774
	},
	"hk-az-a.chinano1.co" : {
		"totalUploadBytes" : 49191323,
		"totalDownloadBytes" : 6319197961
	},
	"sg-ali.chinano1.co" : {
		"totalUploadBytes" : 57205,
		"totalDownloadBytes" : 89790
	},
	"cn.sc-cm.1g.oos.cloud.cdn.cloudflare.net" : {
		"totalUploadBytes" : 1696,
		"totalDownloadBytes" : 6264
	}
}